Input,Output
13.24583333,33.74583333
2.5125,198.2791667
1.079166667,657.1791667
0.9125,769.6125
0.6125,784.9458333
0.6125,782.4125
0.6125,774.6458333
0.545833333,764.9458333
